{
  "xWins": 5,
  "oWins": 2,
  "xWinPercentage": 71.42857142857143,
  "oWinPercentage": 28.57142857142857
}